Column 1,Category,Description,Cash In (₹),Cash Out (₹),Mode,Balance (₹)
01-09-2026,Office Cash,Opening float,2000/-,-,Cash,2000/-
12-09-2026,NOTARY ,Notary & truecopy 5 CR declarations,,250/-,Cash,1750/-
15-09-2026,Indian Regd. Post,Postal AD legal notice,,62/-,Cash,1688/-
16-09-2026,Stamp Paper ,Stamp paper licence agreement,,100/-,Cash,1590/-
21-09-2026,Indian Regd. Post,Total 4 AD posts (paid by firm UPI),220/-,220/-,UPI,1590/-
23-09-2026,NOTARY,NOTARY FOR AFFIDAVIT AND DOCUMENTS,,1800/-,Cash,-212/-
24-09-2026,BUS PARCEL,,,50/-,Cash,-262/-
26-09-2026,Office Cash,,1500/-,,Cash,1238/-
28-09-2026,FOR POST,3 LETTER,,103/-,Cash,1135/-
28-09-2026,NOTARY ,NOTARY FOR SUPPLIMENTARY DEED,270/-,,Cash,1405/-
