Column 1,POST DATE ,TRACKING ID,FROM,TO,PARTICULERS,TYPE,STATUS
1.,03-09-2026,JK000000001IN,ADV MANAGING PARTNER,"Registrar of Copyrights,
Copyright Office, Boudhik Sampada Bhawan,
Sector 14, Dwarka, New Delhi-110078",CR5001,IND SPEED POST,Delivered On 08-09-2026
2.,03-09-2026,JK000000002IN,ADV MANAGING PARTNER,'''''''''''''''''''''''''',CR5002,IND SPEED POST,"Delivered On
08-09-2026"
3.,09/04/2026,JK000000099IN,ADV MANAGING PARTNER,"""""""""""""""""",CR5003 ,IND SPEED POST,DELIVERED
4.,15-09-2026,RA000000101IN,ADV MANAGING PARTNER,"Proprietor
Sagar Masala Co.
Shop 4, Market Road, Puttur 574201",LEGAL NOTICE,POSTAL AD,Delivered On 18-09-2026
5.,22-09-2-26,RK000000555IN,ADV MANAGING PARTNER,"IPR Office, Kaveri Vidya University, Srirangapatna 571438",POA FOR SIGNATURE,IND  REGISTERED POST,
6.,28-09-2026,JK000000777IN,"FROM,
JALIO TECHNOLOGIES (demo)
Udupi","Some vendor, Udupi",--,"PVT., SPEED POST",Delivered
7.,29-09-2026,JK000000778IN,ADV MANAGING PARTNER,"Dr. A. Example
Demo Dental College, Mangaluru 575004",COVER LETTER CR5011,IND SPEED POST,delivered on 01-10-2026
8.,29-09-2026,JK000000779IN,ADV MANAGING PARTNER,'''''''''''''''''''',MCR-STYLE TOKEN XYZ999,IND SPEED POST,
